all_numbers,document_value,probability,receipt,rosies_tweet,remark_value,total_net_value,total_value,document_id,last_update,year,applicant_id,congressperson_id,congressperson_name,congressperson_document,party,state,term_id,term,subquota_number,subquota_description,subquota_group_id,subquota_group_description,supplier,cnpj_cpf,document_type,document_number,issue_date,month,installment,batch_number,passenger,leg_of_the_trip,suspicions,receipt_text,search_vector
[],69.8,,"{'fetched': True, 'url': 'http://www.camara.gov.br/cota-parlamentar/documentos/publ/3229/2019/6778089.pdf'}",,0.0,69.8,0.0,6778089,2019-08-11T23:52:04.224667-03:00,2019,3229,204399,SCHIAVINATO,469,PP,PR,56,2019,13,Congressperson meal,0,,AEROTRIO ALIMENTOS LIMITADA ME,19837000000179,4,017315,2019-02-28,2,0,1573322,,,,,
[],59.9,,"{'fetched': True, 'url': 'http://www.camara.gov.br/cota-parlamentar/documentos/publ/2238/2019/6781382.pdf'}",,0.0,59.9,0.0,6781382,2019-08-11T23:52:08.082495-03:00,2019,2238,160592,ZECA DIRCEU,468,PT,PR,56,2019,13,Congressperson meal,0,,BOM SENSO CAFE e RESTAURANTE LTDA,00347918000292,4,026723,2019-02-27,2,0,1574742,,,,,
[],183.0,,"{'fetched': True, 'url': 'http://www.camara.gov.br/cota-parlamentar/documentos/publ/3438/2019/6778879.pdf'}",,0.0,183.0,0.0,6778879,2019-08-11T23:52:04.311075-03:00,2019,3438,205865,REINHOLD STEPHANES JUNIOR,528,PSD,PR,56,2019,13,Congressperson meal,0,,LAS TABLAS RESTAURANTE LTDA,17048441000166,4,31011,2019-02-27,2,0,1573616,,,,,
[],75.75,,"{'fetched': True, 'url': 'http://www.camara.gov.br/cota-parlamentar/documentos/publ/2983/2019/6777834.pdf'}",,0.0,75.75,0.0,6777834,2019-08-11T23:52:04.197159-03:00,2019,2983,178928,CHRISTIANE DE SOUZA YARED,442,PL,PR,56,2019,13,Congressperson meal,0,,KANDOO CULINARIA JAPONESA LTDA. - ME,18189477000122,4,90858,2019-02-27,2,0,1573170,,,,,
[],96.3,,"{'fetched': True, 'url': 'http://www.camara.gov.br/cota-parlamentar/documentos/publ/3211/2019/6774262.pdf'}",,0.0,96.3,0.0,6774262,2019-08-11T23:52:03.920893-03:00,2019,3211,204387,SARGENTO FAHUR,464,PSD,PR,56,2019,13,Congressperson meal,0,,ROSSONI RESTAURANTE E BAR LTDA,25106705000119,4,139692,2019-02-27,2,0,1572795,,,,,
[],65.78,,"{'fetched': True, 'url': 'http://www.camara.gov.br/cota-parlamentar/documentos/publ/3228/2019/6786612.pdf'}",,0.0,65.78,0.0,6786612,2019-08-11T23:52:12.134673-03:00,2019,3228,204411,FILIPE BARROS,450,PSL,PR,56,2019,13,Congressperson meal,0,,SERVICO NACIONAL DE APRENDIZAGEM COMERCIAL SENAC,33469172001644,4,21149,2019-02-26,2,0,1576637,,,,,
[],84.0,,"{'fetched': True, 'url': 'http://www.camara.gov.br/cota-parlamentar/documentos/publ/831/2019/6774424.pdf'}",,0.0,84.0,0.0,6774424,2019-08-11T23:52:03.931871-03:00,2019,831,73466,RUBENS BUENO,460,CIDADANIA,PR,56,2019,13,Congressperson meal,0,,NOSSO ITALIANO RESTAURANTE LTDA,30780486000199,4,7578,2019-02-26,2,0,1571969,,,,,
[],74.69,,"{'fetched': True, 'url': 'http://www.camara.gov.br/cota-parlamentar/documentos/publ/3228/2019/6786597.pdf'}",,0.0,74.69,0.0,6786597,2019-08-11T23:52:12.133349-03:00,2019,3228,204411,FILIPE BARROS,450,PSL,PR,56,2019,13,Congressperson meal,0,,CANTUCCI COMERCIO DE ALIMENTOS E VARIEDADES LTDA,13360660000125,4,19146,2019-02-26,2,0,1576637,,,,,
[],30.29,,"{'fetched': True, 'url': 'http://www.camara.gov.br/cota-parlamentar/documentos/publ/2238/2019/6773156.pdf'}",,0.0,30.29,0.0,6773156,2019-08-11T23:52:00.097341-03:00,2019,2238,160592,ZECA DIRCEU,468,PT,PR,56,2019,13,Congressperson meal,0,,GOODS RESTAURANTE E LANCHONETE EIRELI,20011372000120,4,6282,2019-02-26,2,0,1571878,,,,,
[],22.48,,"{'fetched': True, 'url': 'http://www.camara.gov.br/cota-parlamentar/documentos/publ/2238/2019/6774143.pdf'}",,0.0,22.48,0.0,6774143,2019-08-11T23:52:03.910745-03:00,2019,2238,160592,ZECA DIRCEU,468,PT,PR,56,2019,13,Congressperson meal,0,,SILT SELF SERVICE EIRELI ME,07286731000194,4,21201,2019-02-26,2,0,1571878,,,,,
[],84.0,,"{'fetched': True, 'url': 'http://www.camara.gov.br/cota-parlamentar/documentos/publ/831/2019/6774424.pdf'}",,0.0,84.0,0.0,6774424,2019-08-11T23:52:03.931871-03:00,2019,831,73466,RUBENS BUENO,460,CIDADANIA,PR,56,2019,13,Congressperson meal,0,,NOSSO ITALIANO RESTAURANTE LTDA,30780486000199,4,7578,2019-02-26,2,0,1571969,,,,,
[],28.65,,"{'fetched': True, 'url': 'http://www.camara.gov.br/cota-parlamentar/documentos/publ/3425/2019/6778932.pdf'}",,0.0,28.65,0.0,6778932,2019-08-11T23:52:04.317094-03:00,2019,3425,204418,LUIZÃO GOULART,463,PRB,PR,56,2019,13,Congressperson meal,0,,SERVICO NACIONAL DE APRENDIZAGEM COMERCIAL SENAC,33469172000672,4,17400,2019-02-26,2,0,1573733,,,,,
[],65.78,,"{'fetched': True, 'url': 'http://www.camara.gov.br/cota-parlamentar/documentos/publ/3228/2019/6786612.pdf'}",,0.0,65.78,0.0,6786612,2019-08-11T23:52:12.134673-03:00,2019,3228,204411,FILIPE BARROS,450,PSL,PR,56,2019,13,Congressperson meal,0,,SERVICO NACIONAL DE APRENDIZAGEM COMERCIAL SENAC,33469172001644,4,21149,2019-02-26,2,0,1576637,,,,,
[],27.4,,"{'fetched': True, 'url': 'http://www.camara.gov.br/cota-parlamentar/documentos/publ/2983/2019/6798471.pdf'}",,0.0,27.4,0.0,6798471,2019-08-11T23:52:20.089347-03:00,2019,2983,178928,CHRISTIANE DE SOUZA YARED,442,PL,PR,56,2019,13,Congressperson meal,0,,MARIETTA COM. DE ALIMENTOS LTDA,00683748000993,4,68602,2019-02-26,2,0,1581376,,,,,
[],25.0,,"{'fetched': True, 'url': 'http://www.camara.gov.br/cota-parlamentar/documentos/publ/2238/2019/6773148.pdf'}",,0.0,25.0,0.0,6773148,2019-08-11T23:52:00.096674-03:00,2019,2238,160592,ZECA DIRCEU,468,PT,PR,56,2019,13,Congressperson meal,0,,GDTA COMERCIO DE PRODUTOS ALIMENTICIOS LTDA,18041089000108,4,206757,2019-02-25,2,0,1571878,,,,,
[],28.05,,"{'fetched': True, 'url': 'http://www.camara.gov.br/cota-parlamentar/documentos/publ/3290/2019/6771428.pdf'}",,0.0,28.05,0.0,6771428,2019-08-11T23:51:59.953604-03:00,2019,3290,204400,ALINE SLEUTJES,443,PSL,PR,56,2019,13,Congressperson meal,0,,SERVICO NACIONAL DE APRENDIZAGEM COMERCIAL SENAC,33469172001644,4,67588,2019-02-25,2,0,1570657,,,,,
[],30.0,,"{'fetched': True, 'url': 'http://www.camara.gov.br/cota-parlamentar/documentos/publ/3211/2019/6773296.pdf'}",,0.0,30.0,0.0,6773296,2019-08-11T23:52:03.845617-03:00,2019,3211,204387,SARGENTO FAHUR,464,PSD,PR,56,2019,13,Congressperson meal,0,,HADCO COMERCIO DE ALIMENTOS LTDA.,37505757000309,4,210258,2019-02-25,2,0,1571880,,,,,
[],51.5,,"{'fetched': True, 'url': 'http://www.camara.gov.br/cota-parlamentar/documentos/publ/2983/2019/6771353.pdf'}",,0.0,51.5,0.0,6771353,2019-08-11T23:51:59.946803-03:00,2019,2983,178928,CHRISTIANE DE SOUZA YARED,442,PL,PR,56,2019,13,Congressperson meal,0,,MARIETTA COM. DE ALIMENTOS LTDA,00683748000993,4,46987,2019-02-25,2,0,1570596,,,,,
[],53.6,,"{'fetched': True, 'url': 'http://www.camara.gov.br/cota-parlamentar/documentos/publ/3228/2019/6771077.pdf'}",,0.0,53.6,0.0,6771077,2019-08-11T23:51:59.922354-03:00,2019,3228,204411,FILIPE BARROS,450,PSL,PR,56,2019,13,Congressperson meal,0,,Gcz Comercio De Alimentos Ltda,12323884000102,4,609516,2019-02-25,2,0,1570594,,,,,
[],28.49,,"{'fetched': True, 'url': 'http://www.camara.gov.br/cota-parlamentar/documentos/publ/3229/2019/6778124.pdf'}",,0.0,28.49,0.0,6778124,2019-08-11T23:52:04.227930-03:00,2019,3229,204399,SCHIAVINATO,469,PP,PR,56,2019,13,Congressperson meal,0,,SERVICO NACIONAL DE APRENDIZAGEM COMERCIAL SENAC,33469172000672,4,32949,2019-02-25,2,0,1573322,,,,,
[],8.0,,"{'fetched': True, 'url': 'http://www.camara.gov.br/cota-parlamentar/documentos/publ/2238/2019/6773122.pdf'}",,0.0,8.0,0.0,6773122,2019-08-11T23:52:00.094241-03:00,2019,2238,160592,ZECA DIRCEU,468,PT,PR,56,2019,13,Congressperson meal,0,,L V COMERCIAL LTDA ME,29205940000107,4,011777,2019-02-25,2,0,1571878,,,,,
[],8.0,,"{'fetched': True, 'url': 'http://www.camara.gov.br/cota-parlamentar/documentos/publ/2238/2019/6773122.pdf'}",,0.0,8.0,0.0,6773122,2019-08-11T23:52:00.094241-03:00,2019,2238,160592,ZECA DIRCEU,468,PT,PR,56,2019,13,Congressperson meal,0,,L V COMERCIAL LTDA ME,29205940000107,4,011777,2019-02-25,2,0,1571878,,,,,
[],30.0,,"{'fetched': True, 'url': 'http://www.camara.gov.br/cota-parlamentar/documentos/publ/2238/2019/6773143.pdf'}",,0.0,30.0,0.0,6773143,2019-08-11T23:52:00.096340-03:00,2019,2238,160592,ZECA DIRCEU,468,PT,PR,56,2019,13,Congressperson meal,0,,ZIBETTO PIZZARIA EIRELI,24377950000106,4,058168,2019-02-25,2,0,1571878,,,,,
[],29.99,,"{'fetched': True, 'url': 'http://www.camara.gov.br/cota-parlamentar/documentos/publ/3425/2019/6771928.pdf'}",,0.0,29.99,0.0,6771928,2019-08-11T23:51:59.994450-03:00,2019,3425,204418,LUIZÃO GOULART,463,PRB,PR,56,2019,13,Congressperson meal,0,,CHAO DE ESTRELAS RESTAURANTE E PIZZARIA EIRELI,26512539000113,4,85022,2019-02-25,2,0,1570857,,,,,
[],65.0,,"{'fetched': True, 'url': 'http://www.camara.gov.br/cota-parlamentar/documentos/publ/3211/2019/6773303.pdf'}",,0.0,65.0,0.0,6773303,2019-08-11T23:52:03.846461-03:00,2019,3211,204387,SARGENTO FAHUR,464,PSD,PR,56,2019,13,Congressperson meal,0,,CASARAO DA VILA RESTAURANTE LTDA - ME,27522923000160,4,39329,2019-02-25,2,0,1571880,,,,,
[],16.0,,"{'fetched': True, 'url': 'http://www.camara.gov.br/cota-parlamentar/documentos/publ/2238/2019/6778242.pdf'}",,0.0,16.0,0.0,6778242,2019-08-11T23:52:04.240002-03:00,2019,2238,160592,ZECA DIRCEU,468,PT,PR,56,2019,13,Congressperson meal,0,,FRANCISCO BELTRAO PALACE HOTEL LTDA,05371149000109,4,18763,2019-02-24,2,0,1574110,,,,,
[],63.5,,"{'fetched': True, 'url': 'http://www.camara.gov.br/cota-parlamentar/documentos/publ/3229/2019/6771193.pdf'}",,0.0,63.5,0.0,6771193,2019-08-11T23:51:59.932487-03:00,2019,3229,204399,SCHIAVINATO,469,PP,PR,56,2019,13,Congressperson meal,0,,HOTEL SAN JUAN LTDA.,02489939000197,0,51943,2019-02-24,2,0,1570728,,,,,
[],46.9,,"{'fetched': True, 'url': 'http://www.camara.gov.br/cota-parlamentar/documentos/publ/3229/2019/6771178.pdf'}",,0.0,46.9,0.0,6771178,2019-08-11T23:51:59.930784-03:00,2019,3229,204399,SCHIAVINATO,469,PP,PR,56,2019,13,Congressperson meal,0,,MFT EMPREENDIMENTOS,19859870000491,4,308211,2019-02-24,2,0,1570730,,,,,
[],134.0,,"{'fetched': True, 'url': 'http://www.camara.gov.br/cota-parlamentar/documentos/publ/3229/2019/6771110.pdf'}",,0.0,134.0,0.0,6771110,2019-08-11T23:51:59.925040-03:00,2019,3229,204399,SCHIAVINATO,469,PP,PR,56,2019,13,Congressperson meal,0,,RESTAURANTE BENDITO MANGIARE,00581609000100,4,45142,2019-02-23,2,0,1570730,,,,,
[],20.0,,"{'fetched': True, 'url': 'http://www.camara.gov.br/cota-parlamentar/documentos/publ/2238/2019/6778178.pdf'}",,0.0,20.0,0.0,6778178,2019-08-11T23:52:04.233330-03:00,2019,2238,160592,ZECA DIRCEU,468,PT,PR,56,2019,13,Congressperson meal,0,,VANESSA DE OLIVEIRA MORESCO,19687625000100,4,2279,2019-02-23,2,0,1574110,,,,,
[],29.0,,"{'fetched': True, 'url': 'http://www.camara.gov.br/cota-parlamentar/documentos/publ/3211/2019/6774249.pdf'}",,0.0,29.0,0.0,6774249,2019-08-11T23:52:03.919999-03:00,2019,3211,204387,SARGENTO FAHUR,464,PSD,PR,56,2019,13,Congressperson meal,0,,SP PÁTIO COMÉRCIO DE ALIMENTOS LTDA. EPP,07400953000196,0,451052,2019-02-23,2,0,1572793,,,,,
[],29.5,,"{'fetched': True, 'url': 'http://www.camara.gov.br/cota-parlamentar/documentos/publ/831/2019/6783144.pdf'}",,0.0,29.5,0.0,6783144,2019-08-11T23:52:08.219284-03:00,2019,831,73466,RUBENS BUENO,460,CIDADANIA,PR,56,2019,13,Congressperson meal,0,,FERNANDA RIBEIRO BELO DA SILVA - ME,22742098000195,4,89,2019-02-22,2,0,1575227,,,,,
[],120.0,,"{'fetched': True, 'url': 'http://www.camara.gov.br/cota-parlamentar/documentos/publ/3330/2019/6785120.pdf'}",,0.0,120.0,0.0,6785120,2019-08-11T23:52:08.420603-03:00,2019,3330,204396,VERMELHO,455,PSD,PR,56,2019,13,Congressperson meal,0,,EUCLIDES FERLA E CIA LTDA,77833788000141,4,16183,2019-02-22,2,0,1576067,,,,,
[],49.54,,"{'fetched': True, 'url': 'http://www.camara.gov.br/cota-parlamentar/documentos/publ/3229/2019/6771189.pdf'}",,0.0,49.54,0.0,6771189,2019-08-11T23:51:59.932035-03:00,2019,3229,204399,SCHIAVINATO,469,PP,PR,56,2019,13,Congressperson meal,0,,PIER 69 EIRELE ME,31017730000129,4,822,2019-02-22,2,0,1570730,,,,,
[],13.0,,"{'fetched': True, 'url': 'http://www.camara.gov.br/cota-parlamentar/documentos/publ/2238/2019/6778158.pdf'}",,0.0,13.0,0.0,6778158,2019-08-11T23:52:04.231043-03:00,2019,2238,160592,ZECA DIRCEU,468,PT,PR,56,2019,13,Congressperson meal,0,,CHURRASCARIA MORETTI LTDA,07521116000115,4,37271,2019-02-22,2,0,1574110,,,,,
[],120.0,,"{'fetched': True, 'url': 'http://www.camara.gov.br/cota-parlamentar/documentos/publ/3330/2019/6785181.pdf'}",,0.0,120.0,0.0,6785181,2019-08-11T23:52:08.426488-03:00,2019,3330,204396,VERMELHO,455,PSD,PR,56,2019,13,Congressperson meal,0,,Zazen Restaurante Ltda ME,27866921000198,4,1580,2019-02-22,2,0,1576067,,,,,
[],13.0,,"{'fetched': True, 'url': 'http://www.camara.gov.br/cota-parlamentar/documentos/publ/2238/2019/6778158.pdf'}",,0.0,13.0,0.0,6778158,2019-08-11T23:52:04.231043-03:00,2019,2238,160592,ZECA DIRCEU,468,PT,PR,56,2019,13,Congressperson meal,0,,CHURRASCARIA MORETTI LTDA,07521116000115,4,37271,2019-02-22,2,0,1574110,,,,,
[],22.96,,"{'fetched': True, 'url': 'http://www.camara.gov.br/cota-parlamentar/documentos/publ/2983/2019/6771369.pdf'}",,0.0,22.96,0.0,6771369,2019-08-11T23:51:59.948327-03:00,2019,2983,178928,CHRISTIANE DE SOUZA YARED,442,PL,PR,56,2019,13,Congressperson meal,0,,Batel,07148205000168,4,702623,2019-02-22,2,0,1570596,,,,,
[],62.35,,"{'fetched': True, 'url': 'http://www.camara.gov.br/cota-parlamentar/documentos/publ/831/2019/6772112.pdf'}",,0.0,62.35,0.0,6772112,2019-08-11T23:52:00.010029-03:00,2019,831,73466,RUBENS BUENO,460,CIDADANIA,PR,56,2019,13,Congressperson meal,0,,SERVICO NACIONAL DE APRENDIZAGEM COMERCIAL SENAC,33469172001644,4,18454,2019-02-21,2,0,1570925,,,,,
[],40.59,,"{'fetched': True, 'url': 'http://www.camara.gov.br/cota-parlamentar/documentos/publ/3290/2019/6771518.pdf'}",,0.0,40.59,0.0,6771518,2019-08-11T23:51:59.961659-03:00,2019,3290,204400,ALINE SLEUTJES,443,PSL,PR,56,2019,13,Congressperson meal,0,,MPZ SERVICOS DE ALIMENTACAO EIRELI ME,30147021000103,4,54296,2019-02-21,2,0,1570695,,,,,
[],29.9,,"{'fetched': True, 'url': 'http://www.camara.gov.br/cota-parlamentar/documentos/publ/3425/2019/6771925.pdf'}",,0.0,29.9,0.0,6771925,2019-08-11T23:51:59.994210-03:00,2019,3425,204418,LUIZÃO GOULART,463,PRB,PR,56,2019,13,Congressperson meal,0,,INTERNATIONAL MEAL COMPANY ALIMENTACAO S A,17314329004460,4,199001,2019-02-21,2,0,1570857,,,,,
[],29.98,,"{'fetched': True, 'url': 'http://www.camara.gov.br/cota-parlamentar/documentos/publ/2238/2019/6778257.pdf'}",,0.0,29.98,0.0,6778257,2019-08-11T23:52:04.241427-03:00,2019,2238,160592,ZECA DIRCEU,468,PT,PR,56,2019,13,Congressperson meal,0,,MARTIGNONI & GARCIA LTDA - EPP,24923527000156,4,12391,2019-02-21,2,0,1574110,,,,,
[],40.59,,"{'fetched': True, 'url': 'http://www.camara.gov.br/cota-parlamentar/documentos/publ/3290/2019/6771518.pdf'}",,0.0,40.59,0.0,6771518,2019-08-11T23:51:59.961659-03:00,2019,3290,204400,ALINE SLEUTJES,443,PSL,PR,56,2019,13,Congressperson meal,0,,MPZ SERVICOS DE ALIMENTACAO EIRELI ME,30147021000103,4,54296,2019-02-21,2,0,1570695,,,,,
[],103.15,,"{'fetched': True, 'url': 'http://www.camara.gov.br/cota-parlamentar/documentos/publ/3330/2019/6785130.pdf'}",,0.0,103.15,0.0,6785130,2019-08-11T23:52:08.421685-03:00,2019,3330,204396,VERMELHO,455,PSD,PR,56,2019,13,Congressperson meal,0,,RESTAURANTE ELDORADO GRILL LTDA - ME,26469407000156,4,8075,2019-02-21,2,0,1576067,,,,,
[],57.7,,"{'fetched': True, 'url': 'http://www.camara.gov.br/cota-parlamentar/documentos/publ/2983/2019/6771361.pdf'}",,0.0,57.7,0.0,6771361,2019-08-11T23:51:59.947726-03:00,2019,2983,178928,CHRISTIANE DE SOUZA YARED,442,PL,PR,56,2019,13,Congressperson meal,0,,MIT COMERCIO DE ALIMENTOS LTDA,27402097000115,4,52171,2019-02-21,2,0,1570596,,,,,
[],36.0,,"{'fetched': True, 'url': 'http://www.camara.gov.br/cota-parlamentar/documentos/publ/3425/2019/6771917.pdf'}",,0.0,36.0,0.0,6771917,2019-08-11T23:51:59.993763-03:00,2019,3425,204418,LUIZÃO GOULART,463,PRB,PR,56,2019,13,Congressperson meal,0,,JM - BAR E RESTAURANTE LTDA ME,03235130000100,4,38,2019-02-21,2,0,1570857,,,,,
[],33.06,,"{'fetched': True, 'url': 'http://www.camara.gov.br/cota-parlamentar/documentos/publ/3211/2019/6773324.pdf'}",,0.0,33.06,0.0,6773324,2019-08-11T23:52:03.849386-03:00,2019,3211,204387,SARGENTO FAHUR,464,PSD,PR,56,2019,13,Congressperson meal,0,,ELBA ESPIRITO SANTO SARDINHA FERREIRA ME,01114253000159,4,40591,2019-02-21,2,0,1571880,,,,,
[],76.3,,"{'fetched': True, 'url': 'http://www.camara.gov.br/cota-parlamentar/documentos/publ/3228/2019/6771034.pdf'}",,0.0,76.3,0.0,6771034,2019-08-11T23:51:59.918810-03:00,2019,3228,204411,FILIPE BARROS,450,PSL,PR,56,2019,13,Congressperson meal,0,,CANTUCCI COMERCIO DE ALIMENTOS E VARIEDADES LTDA,13360660000125,4,18824,2019-02-20,2,0,1570593,,,,,
[],33.88,,"{'fetched': True, 'url': 'http://www.camara.gov.br/cota-parlamentar/documentos/publ/3211/2019/6773299.pdf'}",,0.0,33.88,0.0,6773299,2019-08-11T23:52:03.845974-03:00,2019,3211,204387,SARGENTO FAHUR,464,PSD,PR,56,2019,13,Congressperson meal,0,,MARIETTA COM. DE ALIMENTOS LTDA,00683748001108,4,47306,2019-02-20,2,0,1571880,,,,,
[],15.78,,"{'fetched': True, 'url': 'http://www.camara.gov.br/cota-parlamentar/documentos/publ/3425/2019/6768383.pdf'}",,0.0,15.78,0.0,6768383,2019-08-11T23:51:59.751773-03:00,2019,3425,204418,LUIZÃO GOULART,463,PRB,PR,56,2019,13,Congressperson meal,0,,SERVICO NACIONAL DE APRENDIZAGEM COMERCIAL SENAC,33469172000672,4,32652,2019-02-20,2,0,1569561,,,,,
[],87.0,,"{'fetched': True, 'url': 'http://www.camara.gov.br/cota-parlamentar/documentos/publ/831/2019/6769528.pdf'}",,0.0,87.0,0.0,6769528,2019-08-11T23:51:59.838866-03:00,2019,831,73466,RUBENS BUENO,460,CIDADANIA,PR,56,2019,13,Congressperson meal,0,,NOSSO ITALIANO RESTAURANTE LTDA,30780486000199,4,7117,2019-02-20,2,0,1570053,,,,,
[],14.33,,"{'fetched': True, 'url': 'http://www.camara.gov.br/cota-parlamentar/documentos/publ/3290/2019/6771439.pdf'}",,0.0,14.33,0.0,6771439,2019-08-11T23:51:59.954572-03:00,2019,3290,204400,ALINE SLEUTJES,443,PSL,PR,56,2019,13,Congressperson meal,0,,SERVICO NACIONAL DE APRENDIZAGEM COMERCIAL SENAC,33469172001644,4,53646,2019-02-20,2,0,1570657,,,,,
[],77.0,,"{'fetched': True, 'url': 'http://www.camara.gov.br/cota-parlamentar/documentos/publ/2238/2019/6769581.pdf'}",,0.0,77.0,0.0,6769581,2019-08-11T23:51:59.842475-03:00,2019,2238,160592,ZECA DIRCEU,468,PT,PR,56,2019,13,Congressperson meal,0,,BODEGA DE LA HABANA LTDA,30343414000184,4,2368,2019-02-20,2,0,1570134,,,,,
[],63.9,,"{'fetched': True, 'url': 'http://www.camara.gov.br/cota-parlamentar/documentos/publ/2983/2019/6768638.pdf'}",,0.0,63.9,0.0,6768638,2019-08-11T23:51:59.771316-03:00,2019,2983,178928,CHRISTIANE DE SOUZA YARED,442,PL,PR,56,2019,13,Congressperson meal,0,,OUTBACK STEAKHOUSE RESTAURANTES BRASIL S/A,17261661004241,4,52167,2019-02-20,2,0,1569684,,,,,
[],69.21,,"{'fetched': True, 'url': 'http://www.camara.gov.br/cota-parlamentar/documentos/publ/3229/2019/6771107.pdf'}",,0.0,69.21,0.0,6771107,2019-08-11T23:51:59.924677-03:00,2019,3229,204399,SCHIAVINATO,469,PP,PR,56,2019,13,Congressperson meal,0,,SERVICO NACIONAL DE APRENDIZAGEM COMERCIAL SENAC,33469172001644,4,18384,2019-02-20,2,0,1570730,,,,,
[],98.0,,"{'fetched': True, 'url': 'http://www.camara.gov.br/cota-parlamentar/documentos/publ/831/2019/6769523.pdf'}",,0.0,98.0,0.0,6769523,2019-08-11T23:51:59.838421-03:00,2019,831,73466,RUBENS BUENO,460,CIDADANIA,PR,56,2019,13,Congressperson meal,0,,NOSSO ITALIANO RESTAURANTE LTDA,30780486000199,4,7118,2019-02-20,2,0,1570053,,,,,
[],63.9,,"{'fetched': True, 'url': 'http://www.camara.gov.br/cota-parlamentar/documentos/publ/2983/2019/6768638.pdf'}",,0.0,63.9,0.0,6768638,2019-08-11T23:51:59.771316-03:00,2019,2983,178928,CHRISTIANE DE SOUZA YARED,442,PL,PR,56,2019,13,Congressperson meal,0,,OUTBACK STEAKHOUSE RESTAURANTES BRASIL S/A,17261661004241,4,52167,2019-02-20,2,0,1569684,,,,,
[],76.3,,"{'fetched': True, 'url': 'http://www.camara.gov.br/cota-parlamentar/documentos/publ/3228/2019/6771034.pdf'}",,0.0,76.3,0.0,6771034,2019-08-11T23:51:59.918810-03:00,2019,3228,204411,FILIPE BARROS,450,PSL,PR,56,2019,13,Congressperson meal,0,,CANTUCCI COMERCIO DE ALIMENTOS E VARIEDADES LTDA,13360660000125,4,18824,2019-02-20,2,0,1570593,,,,,
[],17.76,,"{'fetched': True, 'url': 'http://www.camara.gov.br/cota-parlamentar/documentos/publ/3228/2019/6771018.pdf'}",,0.0,17.76,0.0,6771018,2019-08-11T23:51:59.917307-03:00,2019,3228,204411,FILIPE BARROS,450,PSL,PR,56,2019,13,Congressperson meal,0,,SERVICO NACIONAL DE APRENDIZAGEM COMERCIAL SENAC,33469172000672,4,32681,2019-02-20,2,0,1570593,,,,,
[],22.51,,"{'fetched': True, 'url': 'http://www.camara.gov.br/cota-parlamentar/documentos/publ/2238/2019/6769575.pdf'}",,0.0,22.51,0.0,6769575,2019-08-11T23:51:59.842130-03:00,2019,2238,160592,ZECA DIRCEU,468,PT,PR,56,2019,13,Congressperson meal,0,,SILT SELF SERVICE EIRELI ME,07286731000194,4,20775,2019-02-20,2,0,1570134,,,,,
[],27.1,,"{'fetched': True, 'url': 'http://www.camara.gov.br/cota-parlamentar/documentos/publ/2983/2019/6769342.pdf'}",,0.0,27.1,0.0,6769342,2019-08-11T23:51:59.825441-03:00,2019,2983,178928,CHRISTIANE DE SOUZA YARED,442,PL,PR,56,2019,13,Congressperson meal,0,,MARIETTA COM. DE ALIMENTOS LTDA,00683748000993,4,67522,2019-02-20,2,0,1569987,,,,,
[],69.21,,"{'fetched': True, 'url': 'http://www.camara.gov.br/cota-parlamentar/documentos/publ/3229/2019/6771107.pdf'}",,0.0,69.21,0.0,6771107,2019-08-11T23:51:59.924677-03:00,2019,3229,204399,SCHIAVINATO,469,PP,PR,56,2019,13,Congressperson meal,0,,SERVICO NACIONAL DE APRENDIZAGEM COMERCIAL SENAC,33469172001644,4,18384,2019-02-20,2,0,1570730,,,,,
[],61.43,,"{'fetched': True, 'url': 'http://www.camara.gov.br/cota-parlamentar/documentos/publ/2238/2019/6769584.pdf'}",,0.0,61.43,0.0,6769584,2019-08-11T23:51:59.842706-03:00,2019,2238,160592,ZECA DIRCEU,468,PT,PR,56,2019,13,Congressperson meal,0,,MAIA & TAVARES LTDA,03247760000277,4,124769,2019-02-19,2,0,1570134,,,,,
[],62.35,,"{'fetched': True, 'url': 'http://www.camara.gov.br/cota-parlamentar/documentos/publ/3425/2019/6768212.pdf'}",,0.0,62.35,0.0,6768212,2019-08-11T23:51:59.738942-03:00,2019,3425,204418,LUIZÃO GOULART,463,PRB,PR,56,2019,13,Congressperson meal,0,,SERVICO NACIONAL DE APRENDIZAGEM COMERCIAL SENAC,33469172001644,4,18256,2019-02-19,2,0,1569512,,,,,
[],56.0,,"{'fetched': True, 'url': 'http://www.camara.gov.br/cota-parlamentar/documentos/publ/2238/2019/6768017.pdf'}",,0.0,56.0,0.0,6768017,2019-08-11T23:51:59.724027-03:00,2019,2238,160592,ZECA DIRCEU,468,PT,PR,56,2019,13,Congressperson meal,0,,OPORTUNIDADE COMERCIO DE ALIMENTOS LTDA:34144907000146,34144907000146,4,219440,2019-02-19,2,0,1569459,,,,,
[],147.0,,"{'fetched': True, 'url': 'http://www.camara.gov.br/cota-parlamentar/documentos/publ/2238/2019/6768011.pdf'}",,11.0,136.0,0.0,6768011,2019-08-11T23:51:59.723581-03:00,2019,2238,160592,ZECA DIRCEU,468,PT,PR,56,2019,13,Congressperson meal,0,,FBWM Com Bebidas Alim LTDA,23400452000166,4,31301,2019-02-19,2,0,1569459,,,{'meal_price_outlier': True},,
[],37.5,,"{'fetched': True, 'url': 'http://www.camara.gov.br/cota-parlamentar/documentos/publ/3211/2019/6768717.pdf'}",,0.0,37.5,0.0,6768717,2019-08-11T23:51:59.776132-03:00,2019,3211,204387,SARGENTO FAHUR,464,PSD,PR,56,2019,13,Congressperson meal,0,,MARIETTA COMERCIO DE ALIMENTOS LTDA,00683748000802,4,616641,2019-02-19,2,0,1569840,,,,,
[],52.8,,"{'fetched': True, 'url': 'http://www.camara.gov.br/cota-parlamentar/documentos/publ/2983/2019/6768643.pdf'}",,0.0,52.8,0.0,6768643,2019-08-11T23:51:59.771541-03:00,2019,2983,178928,CHRISTIANE DE SOUZA YARED,442,PL,PR,56,2019,13,Congressperson meal,0,,MARIETTA COM. DE ALIMENTOS LTDA,00683748000993,4,46462,2019-02-19,2,0,1569684,,,,,
[],62.0,,"{'fetched': True, 'url': 'http://www.camara.gov.br/cota-parlamentar/documentos/publ/3211/2019/6768712.pdf'}",,0.0,62.0,0.0,6768712,2019-08-11T23:51:59.775620-03:00,2019,3211,204387,SARGENTO FAHUR,464,PSD,PR,56,2019,13,Congressperson meal,0,,CASARAO DA VILA RESTAURANTE LTDA - ME,27522923000160,4,38931,2019-02-19,2,0,1569840,,,,,
[],66.49,,"{'fetched': True, 'url': 'http://www.camara.gov.br/cota-parlamentar/documentos/publ/3361/2019/6771191.pdf'}",,0.0,66.49,0.0,6771191,2019-08-11T23:51:59.932259-03:00,2019,3361,204414,AROLDO MARTINS,444,PRB,PR,56,2019,13,Congressperson meal,0,,SERVICO NACIONAL DE APRENDIZAGEM COMERCIAL SENAC,33469172001644,4,18225,2019-02-19,2,0,1570569,,,,,
[],66.49,,"{'fetched': True, 'url': 'http://www.camara.gov.br/cota-parlamentar/documentos/publ/3361/2019/6771191.pdf'}",,0.0,66.49,0.0,6771191,2019-08-11T23:51:59.932259-03:00,2019,3361,204414,AROLDO MARTINS,444,PRB,PR,56,2019,13,Congressperson meal,0,,SERVICO NACIONAL DE APRENDIZAGEM COMERCIAL SENAC,33469172001644,4,18225,2019-02-19,2,0,1570569,,,,,
[],101.92,,"{'fetched': True, 'url': 'http://www.camara.gov.br/cota-parlamentar/documentos/publ/831/2019/6767246.pdf'}",,0.0,101.92,0.0,6767246,2019-08-11T23:51:59.657816-03:00,2019,831,73466,RUBENS BUENO,460,CIDADANIA,PR,56,2019,13,Congressperson meal,0,,ML ALIMENTACAO E DIVERSOES SA,00493924000177,4,21684,2019-02-18,2,0,1569731,,,,,
[],25.0,,"{'fetched': True, 'url': 'http://www.camara.gov.br/cota-parlamentar/documentos/publ/831/2019/6767274.pdf'}",,0.0,25.0,0.0,6767274,2019-08-11T23:51:59.659958-03:00,2019,831,73466,RUBENS BUENO,460,CIDADANIA,PR,56,2019,13,Congressperson meal,0,,ARMAZEM URBANO EIRELI-ME,22556233000108,4,1421,2019-02-18,2,0,1569731,,,,,
[],57.3,,"{'fetched': True, 'url': 'http://www.camara.gov.br/cota-parlamentar/documentos/publ/2983/2019/6766727.pdf'}",,0.0,57.3,0.0,6766727,2019-08-11T23:51:55.939636-03:00,2019,2983,178928,CHRISTIANE DE SOUZA YARED,442,PL,PR,56,2019,13,Congressperson meal,0,,KANDOO CULINARIA JAPONESA LTDA. - ME,18189477000122,4,90365,2019-02-18,2,0,1568973,,,,,
[],68.5,,"{'fetched': True, 'url': 'http://www.camara.gov.br/cota-parlamentar/documentos/publ/3229/2019/6768533.pdf'}",,0.0,68.5,0.0,6768533,2019-08-11T23:51:59.762238-03:00,2019,3229,204399,SCHIAVINATO,469,PP,PR,56,2019,13,Congressperson meal,0,,SERVICO NACIONAL DE APRENDIZAGEM COMERCIAL SENAC,33469172001644,4,18204,2019-02-18,2,0,1569636,,,,,
[],85.58,,"{'fetched': True, 'url': 'http://www.camara.gov.br/cota-parlamentar/documentos/publ/3229/2019/6766020.pdf'}",,0.0,85.58,0.0,6766020,2019-08-11T23:51:55.884583-03:00,2019,3229,204399,SCHIAVINATO,469,PP,PR,56,2019,13,Congressperson meal,0,,Francisco Pátio Comércio de Alimentos Ltda EPP,02169338000105,4,28121,2019-02-17,2,0,1568704,,,,,
[],130.0,,"{'fetched': True, 'url': 'http://www.camara.gov.br/cota-parlamentar/documentos/publ/3330/2019/6781745.pdf'}",,0.0,130.0,0.0,6781745,2019-08-11T23:52:08.112387-03:00,2019,3330,204396,VERMELHO,455,PSD,PR,56,2019,13,Congressperson meal,0,,Monterosso Comercio de Alimentos Eireli - Epp,29154439000150,4,14262,2019-02-17,2,0,1576068,,,,,
[],130.0,,"{'fetched': True, 'url': 'http://www.camara.gov.br/cota-parlamentar/documentos/publ/3330/2019/6781745.pdf'}",,0.0,130.0,0.0,6781745,2019-08-11T23:52:08.112387-03:00,2019,3330,204396,VERMELHO,455,PSD,PR,56,2019,13,Congressperson meal,0,,Monterosso Comercio de Alimentos Eireli - Epp,29154439000150,4,14262,2019-02-17,2,0,1576068,,,,,
[],151.9,,"{'fetched': True, 'url': 'http://www.camara.gov.br/cota-parlamentar/documentos/publ/3229/2019/6766012.pdf'}",,0.0,151.9,0.0,6766012,2019-08-11T23:51:55.884299-03:00,2019,3229,204399,SCHIAVINATO,469,PP,PR,56,2019,13,Congressperson meal,0,,C.B. BRASILIA COMERCIO DE ALIMENTOS LTDA,11903789000107,4,49502,2019-02-16,2,0,1568704,,,,,
[],83.9,,"{'fetched': True, 'url': 'http://www.camara.gov.br/cota-parlamentar/documentos/publ/3229/2019/6766010.pdf'}",,0.0,83.9,0.0,6766010,2019-08-11T23:51:55.884163-03:00,2019,3229,204399,SCHIAVINATO,469,PP,PR,56,2019,13,Congressperson meal,0,,PH RESTAURANTE LTDA,31169785000154,4,131118,2019-02-16,2,0,1568704,,,,,
[],86.0,,"{'fetched': True, 'url': 'http://www.camara.gov.br/cota-parlamentar/documentos/publ/2983/2019/6766721.pdf'}",,0.0,86.0,0.0,6766721,2019-08-11T23:51:55.938841-03:00,2019,2983,178928,CHRISTIANE DE SOUZA YARED,442,PL,PR,56,2019,13,Congressperson meal,0,,MONACO COMERCIO DE ALIMENTOS EIRELI - EPP,18582131000190,4,14375,2019-02-16,2,0,1568973,,,,,
[],120.0,,"{'fetched': True, 'url': 'http://www.camara.gov.br/cota-parlamentar/documentos/publ/3330/2019/6781899.pdf'}",,0.0,120.0,0.0,6781899,2019-08-11T23:52:08.125173-03:00,2019,3330,204396,VERMELHO,455,PSD,PR,56,2019,13,Congressperson meal,0,,TROPPO PRESTO PIZZAS E MASSAS LTDA,07559568000196,4,28895,2019-02-15,2,0,1576068,,,,,
[],62.35,,"{'fetched': True, 'url': 'http://www.camara.gov.br/cota-parlamentar/documentos/publ/3425/2019/6768202.pdf'}",,0.0,62.35,0.0,6768202,2019-08-11T23:51:59.738034-03:00,2019,3425,204418,LUIZÃO GOULART,463,PRB,PR,56,2019,13,Congressperson meal,0,,SERVICO NACIONAL DE APRENDIZAGEM COMERCIAL SENAC,33469172001644,4,18094,2019-02-14,2,0,1569512,,,,,
[],62.35,,"{'fetched': True, 'url': 'http://www.camara.gov.br/cota-parlamentar/documentos/publ/831/2019/6767234.pdf'}",,0.0,62.35,0.0,6767234,2019-08-11T23:51:59.656672-03:00,2019,831,73466,RUBENS BUENO,460,CIDADANIA,PR,56,2019,13,Congressperson meal,0,,SERVICO NACIONAL DE APRENDIZAGEM COMERCIAL SENAC,33469172001644,4,20671,2019-02-14,2,0,1569731,,,,,
[],62.35,,"{'fetched': True, 'url': 'http://www.camara.gov.br/cota-parlamentar/documentos/publ/3425/2019/6768202.pdf'}",,0.0,62.35,0.0,6768202,2019-08-11T23:51:59.738034-03:00,2019,3425,204418,LUIZÃO GOULART,463,PRB,PR,56,2019,13,Congressperson meal,0,,SERVICO NACIONAL DE APRENDIZAGEM COMERCIAL SENAC,33469172001644,4,18094,2019-02-14,2,0,1569512,,,,,
[],62.35,,"{'fetched': True, 'url': 'http://www.camara.gov.br/cota-parlamentar/documentos/publ/831/2019/6767234.pdf'}",,0.0,62.35,0.0,6767234,2019-08-11T23:51:59.656672-03:00,2019,831,73466,RUBENS BUENO,460,CIDADANIA,PR,56,2019,13,Congressperson meal,0,,SERVICO NACIONAL DE APRENDIZAGEM COMERCIAL SENAC,33469172001644,4,20671,2019-02-14,2,0,1569731,,,,,
[],44.57,,"{'fetched': True, 'url': 'http://www.camara.gov.br/cota-parlamentar/documentos/publ/3211/2019/6768564.pdf'}",,0.0,44.57,0.0,6768564,2019-08-11T23:51:59.767102-03:00,2019,3211,204387,SARGENTO FAHUR,464,PSD,PR,56,2019,13,Congressperson meal,0,,CASARAO DA VILA RESTAURANTE LTDA - ME,27522923000160,4,38642,2019-02-14,2,0,1569840,,,,,
[],65.78,,"{'fetched': True, 'url': 'http://www.camara.gov.br/cota-parlamentar/documentos/publ/3229/2019/6766008.pdf'}",,0.0,65.78,0.0,6766008,2019-08-11T23:51:55.883896-03:00,2019,3229,204399,SCHIAVINATO,469,PP,PR,56,2019,13,Congressperson meal,0,,SERVICO NACIONAL DE APRENDIZAGEM COMERCIAL SENAC,33469172001644,4,18132,2019-02-14,2,0,1568704,,,,,
[],50.96,,"{'fetched': True, 'url': 'http://www.camara.gov.br/cota-parlamentar/documentos/publ/2983/2019/6766715.pdf'}",,0.0,50.96,0.0,6766715,2019-08-11T23:51:55.938169-03:00,2019,2983,178928,CHRISTIANE DE SOUZA YARED,442,PL,PR,56,2019,13,Congressperson meal,0,,CLEVELAND BARBOSA BERNARDES EIRELI,11939627000129,4,2941,2019-02-14,2,0,1568973,,,,,
[],37.68,,"{'fetched': True, 'url': 'http://www.camara.gov.br/cota-parlamentar/documentos/publ/3290/2019/6810276.pdf'}",,0.0,37.68,0.0,6810276,2019-08-11T23:52:28.312053-03:00,2019,3290,204400,ALINE SLEUTJES,443,PSL,PR,56,2019,13,Congressperson meal,0,,RESTAURANTE DAS MINAS LTDA,04277081000394,4,17035,2019-02-14,2,0,1586323,,,,,
[],33.41,,"{'fetched': True, 'url': 'http://www.camara.gov.br/cota-parlamentar/documentos/publ/2238/2019/6769589.pdf'}",,0.0,33.41,0.0,6769589,2019-08-11T23:51:59.843167-03:00,2019,2238,160592,ZECA DIRCEU,468,PT,PR,56,2019,13,Congressperson meal,0,,INTERNATIONAL MEAL COMPANY ALIMENTACAO S A,17314329004460,4,195960,2019-02-14,2,0,1570134,,,,,
[],51.6,,"{'fetched': True, 'url': 'http://www.camara.gov.br/cota-parlamentar/documentos/publ/3211/2019/6773318.pdf'}",,0.0,51.6,0.0,6773318,2019-08-11T23:52:03.848708-03:00,2019,3211,204387,SARGENTO FAHUR,464,PSD,PR,56,2019,13,Congressperson meal,0,,MARIETTA COMERCIO DE ALIMENTOS LTDA,00683748000802,4,615681,2019-02-13,2,0,1571880,,,,,
[],64.9,,"{'fetched': True, 'url': 'http://www.camara.gov.br/cota-parlamentar/documentos/publ/3228/2019/6771257.pdf'}",,0.0,64.9,0.0,6771257,2019-08-11T23:51:59.938130-03:00,2019,3228,204411,FILIPE BARROS,450,PSL,PR,56,2019,13,Congressperson meal,0,,RESTAURANTE MADERO BRASILIA LT,22304309000299,4,256360,2019-02-13,2,0,1570593,,,,,
[],62.15,,"{'fetched': True, 'url': 'http://www.camara.gov.br/cota-parlamentar/documentos/publ/3438/2019/6773636.pdf'}",,0.0,62.15,0.0,6773636,2019-08-11T23:52:03.874602-03:00,2019,3438,205865,REINHOLD STEPHANES JUNIOR,528,PSD,PR,56,2019,13,Congressperson meal,0,,WRC RESTAURANTES LTDA,26058791000102,4,74334,2019-02-13,2,0,1571809,,,,,
[],65.78,,"{'fetched': True, 'url': 'http://www.camara.gov.br/cota-parlamentar/documentos/publ/3229/2019/6766009.pdf'}",,0.0,65.78,0.0,6766009,2019-08-11T23:51:55.884028-03:00,2019,3229,204399,SCHIAVINATO,469,PP,PR,56,2019,13,Congressperson meal,0,,SERVICO NACIONAL DE APRENDIZAGEM COMERCIAL SENAC,33469172001644,4,20584,2019-02-13,2,0,1568704,,,,,
[],27.1,,"{'fetched': True, 'url': 'http://www.camara.gov.br/cota-parlamentar/documentos/publ/2983/2019/6766705.pdf'}",,0.0,27.1,0.0,6766705,2019-08-11T23:51:55.937530-03:00,2019,2983,178928,CHRISTIANE DE SOUZA YARED,442,PL,PR,56,2019,13,Congressperson meal,0,,MARIETTA COM. DE ALIMENTOS LTDA,00683748000993,4,66416,2019-02-13,2,0,1568973,,,,,
[],25.72,,"{'fetched': True, 'url': 'http://www.camara.gov.br/cota-parlamentar/documentos/publ/3425/2019/6768140.pdf'}",,0.0,25.72,0.0,6768140,2019-08-11T23:51:59.732830-03:00,2019,3425,204418,LUIZÃO GOULART,463,PRB,PR,56,2019,13,Congressperson meal,0,,SERVICO NACIONAL DE APRENDIZAGEM COMERCIAL SENAC,33469172000672,4,32375,2019-02-13,2,0,1569512,,,,,
[],65.78,,"{'fetched': True, 'url': 'http://www.camara.gov.br/cota-parlamentar/documentos/publ/3330/2019/6781864.pdf'}",,0.0,65.78,0.0,6781864,2019-08-11T23:52:08.122892-03:00,2019,3330,204396,VERMELHO,455,PSD,PR,56,2019,13,Congressperson meal,0,,SERVICO NACIONAL DE APRENDIZAGEM COMERCIAL SENAC,33469172001644,4,10324,2019-02-13,2,0,1576067,,,,,
[],42.0,,"{'fetched': True, 'url': 'http://www.camara.gov.br/cota-parlamentar/documentos/publ/3211/2019/6763891.pdf'}",,0.0,42.0,0.0,6763891,2019-08-11T23:51:55.745692-03:00,2019,3211,204387,SARGENTO FAHUR,464,PSD,PR,56,2019,13,Congressperson meal,0,,J.M BAR E RESTAURANTE LTDA,03235130000100,0,020082,2019-02-13,2,0,1568037,,,,,
[],62.35,,"{'fetched': True, 'url': 'http://www.camara.gov.br/cota-parlamentar/documentos/publ/3361/2019/6771204.pdf'}",,0.0,62.35,0.0,6771204,2019-08-11T23:51:59.933136-03:00,2019,3361,204414,AROLDO MARTINS,444,PRB,PR,56,2019,13,Congressperson meal,0,,SERVICO NACIONAL DE APRENDIZAGEM COMERCIAL SENAC,33469172001644,4,20534,2019-02-12,2,0,1570569,,,,,
[],71.93,,"{'fetched': True, 'url': 'http://www.camara.gov.br/cota-parlamentar/documentos/publ/3228/2019/6771239.pdf'}",,0.0,71.93,0.0,6771239,2019-08-11T23:51:59.936332-03:00,2019,3228,204411,FILIPE BARROS,450,PSL,PR,56,2019,13,Congressperson meal,0,,SERVICO NACIONAL DE APRENDIZAGEM COMERCIAL SENAC,33469172001644,4,20531,2019-02-12,2,0,1570593,,,,,
[],102.11,,"{'fetched': True, 'url': 'http://www.camara.gov.br/cota-parlamentar/documentos/publ/2238/2019/6764415.pdf'}",,0.0,102.11,0.0,6764415,2019-08-11T23:51:55.794210-03:00,2019,2238,160592,ZECA DIRCEU,468,PT,PR,56,2019,13,Congressperson meal,0,,SERVICO NACIONAL DE APRENDIZAGEM COMERCIAL SENAC,33469172002292,4,15411,2019-02-12,2,0,1568249,,,{'meal_price_outlier': True},,
[],122.65,,"{'fetched': True, 'url': 'http://www.camara.gov.br/cota-parlamentar/documentos/publ/3438/2019/6764336.pdf'}",,0.0,122.65,0.0,6764336,2019-08-11T23:51:55.786117-03:00,2019,3438,205865,REINHOLD STEPHANES JUNIOR,528,PSD,PR,56,2019,13,Congressperson meal,0,,PORTO ALEGRE RESTAURANTE EIRELI,19115233000168,4,16370,2019-02-12,2,0,1568185,,,,,
[],25.77,,"{'fetched': True, 'url': 'http://www.camara.gov.br/cota-parlamentar/documentos/publ/3425/2019/6762381.pdf'}",,0.0,25.77,0.0,6762381,2019-08-11T23:51:55.623597-03:00,2019,3425,204418,LUIZÃO GOULART,463,PRB,PR,56,2019,13,Congressperson meal,0,,CHAO DE ESTRELAS RESTAURANTE E PIZZARIA EIRELI,26512539000113,4,83322,2019-02-12,2,0,1567446,,,,,
[],62.35,,"{'fetched': True, 'url': 'http://www.camara.gov.br/cota-parlamentar/documentos/publ/831/2019/6762340.pdf'}",,0.0,62.35,0.0,6762340,2019-08-11T23:51:55.621478-03:00,2019,831,73466,RUBENS BUENO,460,CIDADANIA,PR,56,2019,13,Congressperson meal,0,,SERVICO NACIONAL DE APRENDIZAGEM COMERCIAL SENAC,33469172001644,4,17959,2019-02-12,2,0,1567427,,,,,
[],57.89,,"{'fetched': True, 'url': 'http://www.camara.gov.br/cota-parlamentar/documentos/publ/3330/2019/6781797.pdf'}",,0.0,57.89,0.0,6781797,2019-08-11T23:52:08.116505-03:00,2019,3330,204396,VERMELHO,455,PSD,PR,56,2019,13,Congressperson meal,0,,GREENS FOODS LTDA,23406188000178,4,56054,2019-02-12,2,0,1576067,,,,,
[],71.5,,"{'fetched': True, 'url': 'http://www.camara.gov.br/cota-parlamentar/documentos/publ/3228/2019/6771251.pdf'}",,0.0,71.5,0.0,6771251,2019-08-11T23:51:59.937452-03:00,2019,3228,204411,FILIPE BARROS,450,PSL,PR,56,2019,13,Congressperson meal,0,,RESTAURANTE MADERO BRASILIA LT,22304309000299,4,255987,2019-02-12,2,0,1570593,,,,,
[],29.56,,"{'fetched': True, 'url': 'http://www.camara.gov.br/cota-parlamentar/documentos/publ/2983/2019/6763262.pdf'}",,0.0,29.56,0.0,6763262,2019-08-11T23:51:55.701807-03:00,2019,2983,178928,CHRISTIANE DE SOUZA YARED,442,PL,PR,56,2019,13,Congressperson meal,0,,DRAGON KING ALIMENTOS LTDA,01614770000197,4,31884,2019-02-12,2,0,1567754,,,,,
[],25.0,,"{'fetched': True, 'url': 'http://www.camara.gov.br/cota-parlamentar/documentos/publ/3321/2019/6762004.pdf'}",,0.0,25.0,0.0,6762004,2019-08-11T23:51:55.597300-03:00,2019,3321,204397,BOCA ABERTA,445,PROS,PR,56,2019,13,Congressperson meal,0,,GARDA COMERCIO DE ALIMENTOS EIRELI ME,26903149000174,4,77025,2019-02-11,2,0,1567280,,,,,
[],34.88,,"{'fetched': True, 'url': 'http://www.camara.gov.br/cota-parlamentar/documentos/publ/2238/2019/6769574.pdf'}",,0.0,34.88,0.0,6769574,2019-08-11T23:51:59.842017-03:00,2019,2238,160592,ZECA DIRCEU,468,PT,PR,56,2019,13,Congressperson meal,0,,RMAM COMERCIO DE ALIMENTOS EIRELI ME,30454644000110,4,8197,2019-02-11,2,0,1570134,,,,,
[],87.0,,"{'fetched': True, 'url': 'http://www.camara.gov.br/cota-parlamentar/documentos/publ/831/2019/6762040.pdf'}",,0.0,87.0,0.0,6762040,2019-08-11T23:51:55.599535-03:00,2019,831,73466,RUBENS BUENO,460,CIDADANIA,PR,56,2019,13,Congressperson meal,0,,ZRC COMERCIO DE ALIMENTOS EIRELI,27688239000152,4,13156,2019-02-11,2,0,1567427,,,,,
[],29.9,,"{'fetched': True, 'url': 'http://www.camara.gov.br/cota-parlamentar/documentos/publ/831/2019/6762034.pdf'}",,0.0,29.9,0.0,6762034,2019-08-11T23:51:55.598846-03:00,2019,831,73466,RUBENS BUENO,460,CIDADANIA,PR,56,2019,13,Congressperson meal,0,,MANGIARE LANCHONETE E SORVETERIA LTDA:05408878000184,05408878000184,4,173494,2019-02-11,2,0,1567427,,,,,
[],34.99,,"{'fetched': True, 'url': 'http://www.camara.gov.br/cota-parlamentar/documentos/publ/3229/2019/6762029.pdf'}",,0.3,34.69,0.0,6762029,2019-08-11T23:51:55.598244-03:00,2019,3229,204399,SCHIAVINATO,469,PP,PR,56,2019,13,Congressperson meal,0,,YUTAKA RESTAURANTE LTDA,14749283000183,4,42950,2019-02-11,2,0,1567302,,,,,
[],35.55,,"{'fetched': True, 'url': 'http://www.camara.gov.br/cota-parlamentar/documentos/publ/2983/2019/6762279.pdf'}",,0.0,35.55,0.0,6762279,2019-08-11T23:51:55.616686-03:00,2019,2983,178928,CHRISTIANE DE SOUZA YARED,442,PL,PR,56,2019,13,Congressperson meal,0,,IS ALVES GASTRONIMIA - ME,21121555000161,4,8794,2019-02-11,2,0,1567413,,,,,
[],132.0,,"{'fetched': True, 'url': 'http://www.camara.gov.br/cota-parlamentar/documentos/publ/3330/2019/6781838.pdf'}",,0.0,132.0,0.0,6781838,2019-08-11T23:52:08.120197-03:00,2019,3330,204396,VERMELHO,455,PSD,PR,56,2019,13,Congressperson meal,0,,KAITEN SUSHI GASTRONOMIA JAPONESA EIRELI ME,24782226000150,4,10803,2019-02-11,2,0,1576067,,,,,
[],81.9,,"{'fetched': True, 'url': 'http://www.camara.gov.br/cota-parlamentar/documentos/publ/2238/2019/6769886.pdf'}",,0.0,81.9,0.0,6769886,2019-08-11T23:51:59.856273-03:00,2019,2238,160592,ZECA DIRCEU,468,PT,PR,56,2019,13,Congressperson meal,0,,FBWM Com Bebidas Alim LTDA,23400452000166,4,30324,2019-02-10,2,0,1570172,,,,,
[],139.97,,"{'fetched': True, 'url': 'http://www.camara.gov.br/cota-parlamentar/documentos/publ/3229/2019/6762038.pdf'}",,0.0,139.97,0.0,6762038,2019-08-11T23:51:55.599303-03:00,2019,3229,204399,SCHIAVINATO,469,PP,PR,56,2019,13,Congressperson meal,0,,DOM FRANCISCO RESTAURANTE,03327191000199,4,38029,2019-02-10,2,0,1567302,,,,,
[],40.0,,"{'fetched': True, 'url': 'http://www.camara.gov.br/cota-parlamentar/documentos/publ/2238/2019/6764421.pdf'}",,0.0,40.0,0.0,6764421,2019-08-11T23:51:55.795222-03:00,2019,2238,160592,ZECA DIRCEU,468,PT,PR,56,2019,13,Congressperson meal,0,,BIG IPANEMA LANCHES E SUCOS LTDA-ME,10318960000158,0,015430,2019-02-09,2,0,1568248,,,,,
[],44.7,,"{'fetched': True, 'url': 'http://www.camara.gov.br/cota-parlamentar/documentos/publ/3229/2019/6761999.pdf'}",,0.0,44.7,0.0,6761999,2019-08-11T23:51:55.597056-03:00,2019,3229,204399,SCHIAVINATO,469,PP,PR,56,2019,13,Congressperson meal,0,,COPAGIFT COMERCIO DE ALIMENTOS LTDA,09605599000161,4,146925,2019-02-09,2,0,1567302,,,,,
[],136.18,,"{'fetched': True, 'url': 'http://www.camara.gov.br/cota-parlamentar/documentos/publ/3438/2019/6762661.pdf'}",,0.0,136.18,0.0,6762661,2019-08-11T23:51:55.641232-03:00,2019,3438,205865,REINHOLD STEPHANES JUNIOR,528,PSD,PR,56,2019,13,Congressperson meal,0,,Outback Steakhouse Restaurantes Brasil S/A.,17261661005213,4,16395,2019-02-09,2,0,1567591,,,,,
[],70.9,,"{'fetched': True, 'url': 'http://www.camara.gov.br/cota-parlamentar/documentos/publ/2238/2019/6764413.pdf'}",,0.0,70.9,0.0,6764413,2019-08-11T23:51:55.794080-03:00,2019,2238,160592,ZECA DIRCEU,468,PT,PR,56,2019,13,Congressperson meal,0,,SI SENOR BAR E LANCHES LTDA,10291617000167,4,046314,2019-02-09,2,0,1568249,,,,,
[],47.5,,"{'fetched': True, 'url': 'http://www.camara.gov.br/cota-parlamentar/documentos/publ/2238/2019/6764418.pdf'}",,0.0,47.5,0.0,6764418,2019-08-11T23:51:55.794733-03:00,2019,2238,160592,ZECA DIRCEU,468,PT,PR,56,2019,13,Congressperson meal,0,,Bar e Restaurante Topless LTDA,43180843000120,0,009517,2019-02-08,2,0,1568248,,,,,
[],74.48,,"{'fetched': True, 'url': 'http://www.camara.gov.br/cota-parlamentar/documentos/publ/2983/2019/6762677.pdf'}",,0.0,74.48,0.0,6762677,2019-08-11T23:51:55.642168-03:00,2019,2983,178928,CHRISTIANE DE SOUZA YARED,442,PL,PR,56,2019,13,Congressperson meal,0,,LA VARENNE GASTRONOMIA LTDA,18134464000156,4,45984,2019-02-08,2,0,1567518,,,,,
[],175.0,,"{'fetched': True, 'url': 'http://www.camara.gov.br/cota-parlamentar/documentos/publ/3438/2019/6762720.pdf'}",,0.0,175.0,0.0,6762720,2019-08-11T23:51:55.646086-03:00,2019,3438,205865,REINHOLD STEPHANES JUNIOR,528,PSD,PR,56,2019,13,Congressperson meal,0,,LAS TABLAS RESTAURANTE LTDA,17048441000166,4,30252,2019-02-08,2,0,1567591,,,,,
[],29.74,,"{'fetched': True, 'url': 'http://www.camara.gov.br/cota-parlamentar/documentos/publ/2238/2019/6764410.pdf'}",,0.0,29.74,0.0,6764410,2019-08-11T23:51:55.793780-03:00,2019,2238,160592,ZECA DIRCEU,468,PT,PR,56,2019,13,Congressperson meal,0,,INTERNATIONAL MEAL COMPANY ALIMENTACAO S A,17314329004621,4,146679,2019-02-07,2,0,1568249,,,,,
[],68.3,,"{'fetched': True, 'url': 'http://www.camara.gov.br/cota-parlamentar/documentos/publ/831/2019/6762345.pdf'}",,0.0,68.3,0.0,6762345,2019-08-11T23:51:55.621851-03:00,2019,831,73466,RUBENS BUENO,460,CIDADANIA,PR,56,2019,13,Congressperson meal,0,,CLUBE DA CARNE COMERCIO DE ALIMENTOS EIRELI - ME,18538978000177,4,28134,2019-02-07,2,0,1567427,,,,,
[],120.0,,"{'fetched': True, 'url': 'http://www.camara.gov.br/cota-parlamentar/documentos/publ/3330/2019/6781917.pdf'}",,0.0,120.0,0.0,6781917,2019-08-11T23:52:08.127077-03:00,2019,3330,204396,VERMELHO,455,PSD,PR,56,2019,13,Congressperson meal,0,,TRAIRA SEM ESPINHA,13506601000112,0,326653,2019-02-07,2,0,1576064,,,,,
[],63.14,,"{'fetched': True, 'url': 'http://www.camara.gov.br/cota-parlamentar/documentos/publ/3211/2019/6763828.pdf'}",,0.0,63.14,0.0,6763828,2019-08-11T23:51:55.742895-03:00,2019,3211,204387,SARGENTO FAHUR,464,PSD,PR,56,2019,13,Congressperson meal,0,,LANCHONETE E CHURRASCARIA BADY BASSITT LTDA,07504169000128,4,093911,2019-02-07,2,0,1568039,,,,,
[],120.9,,"{'fetched': True, 'url': 'http://www.camara.gov.br/cota-parlamentar/documentos/publ/2238/2019/6764408.pdf'}",,0.0,120.9,0.0,6764408,2019-08-11T23:51:55.793652-03:00,2019,2238,160592,ZECA DIRCEU,468,PT,PR,56,2019,13,Congressperson meal,0,,PIMENTA VERDE ALIMENTOS LTDA,09060964015202,4,028311,2019-02-07,2,0,1568249,,,,,
[],13.07,,"{'fetched': True, 'url': 'http://www.camara.gov.br/cota-parlamentar/documentos/publ/3290/2019/6761367.pdf'}",,0.0,13.07,0.0,6761367,2019-08-11T23:51:55.554541-03:00,2019,3290,204400,ALINE SLEUTJES,443,PSL,PR,56,2019,13,Congressperson meal,0,,SERVICO NACIONAL DE APRENDIZAGEM COMERCIAL SENAC,33469172001644,4,65390,2019-02-07,2,0,1567133,,,,,
[],44.52,,"{'fetched': True, 'url': 'http://www.camara.gov.br/cota-parlamentar/documentos/publ/2983/2019/6762286.pdf'}",,0.0,44.52,0.0,6762286,2019-08-11T23:51:55.617358-03:00,2019,2983,178928,CHRISTIANE DE SOUZA YARED,442,PL,PR,56,2019,13,Congressperson meal,0,,RESTAURANTE COMIDALIA LTDA ME,20487502000104,4,118071,2019-02-07,2,0,1567413,,,,,
[],65.78,,"{'fetched': True, 'url': 'http://www.camara.gov.br/cota-parlamentar/documentos/publ/3229/2019/6762011.pdf'}",,0.0,65.78,0.0,6762011,2019-08-11T23:51:55.597898-03:00,2019,3229,204399,SCHIAVINATO,469,PP,PR,56,2019,13,Congressperson meal,0,,SERVICO NACIONAL DE APRENDIZAGEM COMERCIAL SENAC,33469172001644,4,17866,2019-02-07,2,0,1567302,,,,,
[],76.0,,"{'fetched': True, 'url': 'http://www.camara.gov.br/cota-parlamentar/documentos/publ/3321/2019/6762008.pdf'}",,0.0,76.0,0.0,6762008,2019-08-11T23:51:55.597657-03:00,2019,3321,204397,BOCA ABERTA,445,PROS,PR,56,2019,13,Congressperson meal,0,,CHURRASCARIA BOLA BRANCA LTDA-ME,09485551000167,0,074567,2019-02-07,2,0,1570896,,,,,
[],6.24,,"{'fetched': True, 'url': 'http://www.camara.gov.br/cota-parlamentar/documentos/publ/3425/2019/6760629.pdf'}",,0.0,6.24,0.0,6760629,2019-08-11T23:51:55.514056-03:00,2019,3425,204418,LUIZÃO GOULART,463,PRB,PR,56,2019,13,Congressperson meal,0,,SERVICO NACIONAL DE APRENDIZAGEM COMERCIAL SENAC,33469172000672,4,16540,2019-02-06,2,0,1566934,,,,,
[],18.47,,"{'fetched': True, 'url': 'http://www.camara.gov.br/cota-parlamentar/documentos/publ/3290/2019/6761366.pdf'}",,0.0,18.47,0.0,6761366,2019-08-11T23:51:55.554393-03:00,2019,3290,204400,ALINE SLEUTJES,443,PSL,PR,56,2019,13,Congressperson meal,0,,SERVICO NACIONAL DE APRENDIZAGEM COMERCIAL SENAC,33469172001644,4,65143,2019-02-06,2,0,1567133,,,,,
[],65.78,,"{'fetched': True, 'url': 'http://www.camara.gov.br/cota-parlamentar/documentos/publ/3211/2019/6759625.pdf'}",,0.0,65.78,0.0,6759625,2019-08-11T23:51:55.455377-03:00,2019,3211,204387,SARGENTO FAHUR,464,PSD,PR,56,2019,13,Congressperson meal,0,,SERVICO NACIONAL DE APRENDIZAGEM COMERCIAL SENAC,33469172001644,4,10183,2019-02-06,2,0,1566448,,,,,
[],65.0,,"{'fetched': True, 'url': 'http://www.camara.gov.br/cota-parlamentar/documentos/publ/831/2019/6759034.pdf'}",,0.0,65.0,0.0,6759034,2019-08-11T23:51:55.421279-03:00,2019,831,73466,RUBENS BUENO,460,CIDADANIA,PR,56,2019,13,Congressperson meal,0,,SERVICO NACIONAL DE APRENDIZAGEM COMERCIAL SENAC,33469172001644,4,20290,2019-02-06,2,0,1566240,,,,,
[],65.78,,"{'fetched': True, 'url': 'http://www.camara.gov.br/cota-parlamentar/documentos/publ/3229/2019/6761962.pdf'}",,0.0,65.78,0.0,6761962,2019-08-11T23:51:55.594571-03:00,2019,3229,204399,SCHIAVINATO,469,PP,PR,56,2019,13,Congressperson meal,0,,SERVICO NACIONAL DE APRENDIZAGEM COMERCIAL SENAC,33469172001644,4,17802,2019-02-06,2,0,1567302,,,,,
[],44.8,,"{'fetched': True, 'url': 'http://www.camara.gov.br/cota-parlamentar/documentos/publ/2983/2019/6762284.pdf'}",,0.0,44.8,0.0,6762284,2019-08-11T23:51:55.617133-03:00,2019,2983,178928,CHRISTIANE DE SOUZA YARED,442,PL,PR,56,2019,13,Congressperson meal,0,,ER COMERCIO DE ALIMENTOS LTDA - ME,22051161000147,4,41955,2019-02-06,2,0,1567413,,,,,
[],52.24,,"{'fetched': True, 'url': 'http://www.camara.gov.br/cota-parlamentar/documentos/publ/3330/2019/6781828.pdf'}",,0.0,52.24,0.0,6781828,2019-08-11T23:52:08.119272-03:00,2019,3330,204396,VERMELHO,455,PSD,PR,56,2019,13,Congressperson meal,0,,SERVICO NACIONAL DE APRENDIZAGEM COMERCIAL SENAC,33469172002292,4,17488,2019-02-06,2,0,1576067,,,,,
[],21.1,,"{'fetched': True, 'url': 'http://www.camara.gov.br/cota-parlamentar/documentos/publ/3211/2019/6763786.pdf'}",,0.0,21.1,0.0,6763786,2019-08-11T23:51:55.740928-03:00,2019,3211,204387,SARGENTO FAHUR,464,PSD,PR,56,2019,13,Congressperson meal,0,,MARIETTA COMERCIO DE ALIMENTOS LTDA,00683748000802,4,43918,2019-02-06,2,0,1568039,,,,,
[],9.41,,"{'fetched': True, 'url': 'http://www.camara.gov.br/cota-parlamentar/documentos/publ/2238/2019/6764405.pdf'}",,0.0,9.41,0.0,6764405,2019-08-11T23:51:55.793264-03:00,2019,2238,160592,ZECA DIRCEU,468,PT,PR,56,2019,13,Congressperson meal,0,,SILT SELF SERVICE EIRELI ME,07286731000194,4,19622,2019-02-06,2,0,1568249,,,,,
[],62.35,,"{'fetched': True, 'url': 'http://www.camara.gov.br/cota-parlamentar/documentos/publ/3425/2019/6760623.pdf'}",,0.0,62.35,0.0,6760623,2019-08-11T23:51:55.513572-03:00,2019,3425,204418,LUIZÃO GOULART,463,PRB,PR,56,2019,13,Congressperson meal,0,,SERVICO NACIONAL DE APRENDIZAGEM COMERCIAL SENAC,33469172001644,4,20285,2019-02-06,2,0,1566934,,,,,
[],98.46,,"{'fetched': True, 'url': 'http://www.camara.gov.br/cota-parlamentar/documentos/publ/831/2019/6762044.pdf'}",,0.0,98.46,0.0,6762044,2019-08-11T23:51:55.599768-03:00,2019,831,73466,RUBENS BUENO,460,CIDADANIA,PR,56,2019,13,Congressperson meal,0,,DOM FRANCISCO RESTAURANTE,03327191000199,4,37823,2019-02-05,2,0,1567427,,,,,
[],55.34,,"{'fetched': True, 'url': 'http://www.camara.gov.br/cota-parlamentar/documentos/publ/3321/2019/6760760.pdf'}",,0.0,55.34,0.0,6760760,2019-08-11T23:51:55.519342-03:00,2019,3321,204397,BOCA ABERTA,445,PROS,PR,56,2019,13,Congressperson meal,0,,SILT SELF SERVICE EIRELI ME,07286731000194,4,19470,2019-02-05,2,0,1566834,,,,,
[],39.01,,"{'fetched': True, 'url': 'http://www.camara.gov.br/cota-parlamentar/documentos/publ/3228/2019/6771263.pdf'}",,0.0,39.01,0.0,6771263,2019-08-11T23:51:59.938768-03:00,2019,3228,204411,FILIPE BARROS,450,PSL,PR,56,2019,13,Congressperson meal,0,,YANG COMERCIO DE ALIMENTOS LTDA,13434753000157,4,47024,2019-02-05,2,0,1570593,,,,,
[],18.84,,"{'fetched': True, 'url': 'http://www.camara.gov.br/cota-parlamentar/documentos/publ/3228/2019/6771292.pdf'}",,0.0,18.84,0.0,6771292,2019-08-11T23:51:59.941504-03:00,2019,3228,204411,FILIPE BARROS,450,PSL,PR,56,2019,13,Congressperson meal,0,,SERVICO NACIONAL DE APRENDIZAGEM COMERCIAL SENAC,33469172000672,4,16466,2019-02-05,2,0,1570593,,,,,
[],92.6,,"{'fetched': True, 'url': 'http://www.camara.gov.br/cota-parlamentar/documentos/publ/2983/2019/6763257.pdf'}",,0.0,92.6,0.0,6763257,2019-08-11T23:51:55.701193-03:00,2019,2983,178928,CHRISTIANE DE SOUZA YARED,442,PL,PR,56,2019,13,Congressperson meal,0,,MARIETTA COM. DE ALIMENTOS LTDA,00683748000993,4,45194,2019-02-05,2,0,1567754,,,{'meal_price_outlier': True},,
[],65.07,,"{'fetched': True, 'url': 'http://www.camara.gov.br/cota-parlamentar/documentos/publ/831/2019/6758509.pdf'}",,0.0,65.07,0.0,6758509,2019-08-11T23:51:51.917009-03:00,2019,831,73466,RUBENS BUENO,460,CIDADANIA,PR,56,2019,13,Congressperson meal,0,,SERVICO NACIONAL DE APRENDIZAGEM COMERCIAL SENAC,33469172001644,4,17710,2019-02-05,2,0,1566045,,,,,
[],27.16,,"{'fetched': True, 'url': 'http://www.camara.gov.br/cota-parlamentar/documentos/publ/3425/2019/6758828.pdf'}",,0.0,27.16,0.0,6758828,2019-08-11T23:51:51.935139-03:00,2019,3425,204418,LUIZÃO GOULART,463,PRB,PR,56,2019,13,Congressperson meal,0,,MABELLE RESTAURANTE EIRELI EPP,17339369000126,4,13479,2019-02-05,2,0,1566934,,,,,
[],40.5,,"{'fetched': True, 'url': 'http://www.camara.gov.br/cota-parlamentar/documentos/publ/3211/2019/6759623.pdf'}",,0.0,40.5,0.0,6759623,2019-08-11T23:51:55.455154-03:00,2019,3211,204387,SARGENTO FAHUR,464,PSD,PR,56,2019,13,Congressperson meal,0,,MARIETTA COMERCIO DE ALIMENTOS LTDA,00683748000802,4,614770,2019-02-05,2,0,1566448,,,,,
[],62.35,,"{'fetched': True, 'url': 'http://www.camara.gov.br/cota-parlamentar/documentos/publ/3330/2019/6795474.pdf'}",,0.0,62.35,0.0,6795474,2019-08-11T23:52:16.301329-03:00,2019,3330,204396,VERMELHO,455,PSD,PR,56,2019,13,Congressperson meal,0,,SERVICO NACIONAL DE APRENDIZAGEM COMERCIAL SENAC,33469172001644,4,20244,2019-02-05,2,0,1580477,,,,,
[],35.47,,"{'fetched': True, 'url': 'http://www.camara.gov.br/cota-parlamentar/documentos/publ/3211/2019/6759620.pdf'}",,0.0,35.47,0.0,6759620,2019-08-11T23:51:55.455042-03:00,2019,3211,204387,SARGENTO FAHUR,464,PSD,PR,56,2019,13,Congressperson meal,0,,ELBA ESPIRITO SANTO SARDINHA FERREIRA ME,01114253000159,4,39000,2019-02-05,2,0,1566448,,,,,
[],106.48,,"{'fetched': True, 'url': 'http://www.camara.gov.br/cota-parlamentar/documentos/publ/3330/2019/6781875.pdf'}",,0.0,106.48,0.0,6781875,2019-08-11T23:52:08.124027-03:00,2019,3330,204396,VERMELHO,455,PSD,PR,56,2019,13,Congressperson meal,0,,LOMBARDIA COMERCIAL LTDA,03874046000128,4,19526,2019-02-05,2,0,1576068,,,,,
[],69.21,,"{'fetched': True, 'url': 'http://www.camara.gov.br/cota-parlamentar/documentos/publ/3330/2019/6781870.pdf'}",,0.0,69.21,0.0,6781870,2019-08-11T23:52:08.123456-03:00,2019,3330,204396,VERMELHO,455,PSD,PR,56,2019,13,Congressperson meal,0,,SERVICO NACIONAL DE APRENDIZAGEM COMERCIAL SENAC,33469172001644,4,17662,2019-02-04,2,0,1576067,,,,,
[],60.0,,"{'fetched': True, 'url': 'http://www.camara.gov.br/cota-parlamentar/documentos/publ/831/2019/6757923.pdf'}",,0.0,60.0,0.0,6757923,2019-08-11T23:51:51.881569-03:00,2019,831,73466,RUBENS BUENO,460,CIDADANIA,PR,56,2019,13,Congressperson meal,0,,RESTAURANTE MADERO CABRAL LTDA,13002350000139,4,211335,2019-02-04,2,0,1565844,,,,,
[],48.4,,"{'fetched': True, 'url': 'http://www.camara.gov.br/cota-parlamentar/documentos/publ/2983/2019/6757898.pdf'}",,0.0,48.4,0.0,6757898,2019-08-11T23:51:51.879518-03:00,2019,2983,178928,CHRISTIANE DE SOUZA YARED,442,PL,PR,56,2019,13,Congressperson meal,0,,MARIETTA COM. DE ALIMENTOS LTDA,00683748000993,4,64670,2019-02-04,2,0,1565823,,,,,
[],26.9,,"{'fetched': True, 'url': 'http://www.camara.gov.br/cota-parlamentar/documentos/publ/2983/2019/6757398.pdf'}",,0.0,26.9,0.0,6757398,2019-08-11T23:51:51.847576-03:00,2019,2983,178928,CHRISTIANE DE SOUZA YARED,442,PL,PR,56,2019,13,Congressperson meal,0,,BRASEIRO RESTAURANTE LTDA-ME,12632850000191,4,26697,2019-02-04,2,0,1565641,,,,,
[],58.8,,"{'fetched': True, 'url': 'http://www.camara.gov.br/cota-parlamentar/documentos/publ/3211/2019/6763796.pdf'}",,0.0,58.8,0.0,6763796,2019-08-11T23:51:55.741316-03:00,2019,3211,204387,SARGENTO FAHUR,464,PSD,PR,56,2019,13,Congressperson meal,0,,MARIETTA COMERCIO DE ALIMENTOS LTDA,00683748000802,4,43767,2019-02-04,2,0,1568039,,,,,
[],62.35,,"{'fetched': True, 'url': 'http://www.camara.gov.br/cota-parlamentar/documentos/publ/3290/2019/6761363.pdf'}",,0.0,62.35,0.0,6761363,2019-08-11T23:51:55.554260-03:00,2019,3290,204400,ALINE SLEUTJES,443,PSL,PR,56,2019,13,Congressperson meal,0,,SERVICO NACIONAL DE APRENDIZAGEM COMERCIAL SENAC,33469172001644,4,17661,2019-02-04,2,0,1567133,,,,,
[],63.73,,"{'fetched': True, 'url': 'http://www.camara.gov.br/cota-parlamentar/documentos/publ/2238/2019/6759661.pdf'}",,0.0,63.73,0.0,6759661,2019-08-11T23:51:55.458378-03:00,2019,2238,160592,ZECA DIRCEU,468,PT,PR,56,2019,13,Congressperson meal,0,,RESTAURANTE VARANDA DO SUL LTDA - EPP,04490752000139,4,15784,2019-02-04,2,0,1566538,,,,,
[],65.78,,"{'fetched': True, 'url': 'http://www.camara.gov.br/cota-parlamentar/documentos/publ/3330/2019/6795455.pdf'}",,0.0,65.78,0.0,6795455,2019-08-11T23:52:16.299604-03:00,2019,3330,204396,VERMELHO,455,PSD,PR,56,2019,13,Congressperson meal,0,,SERVICO NACIONAL DE APRENDIZAGEM COMERCIAL SENAC,33469172001644,4,17663,2019-02-04,2,0,1580477,,,,,
[],138.6,,"{'fetched': True, 'url': 'http://www.camara.gov.br/cota-parlamentar/documentos/publ/3361/2019/6771174.pdf'}",,0.0,138.6,0.0,6771174,2019-08-11T23:51:59.930431-03:00,2019,3361,204414,AROLDO MARTINS,444,PRB,PR,56,2019,13,Congressperson meal,0,,ST. PAUL PLAZA HOTEIS E TURISMO LTDA,06936010000110,4,83820,2019-02-04,2,0,1570569,,,,,
[],60.2,,"{'fetched': True, 'url': 'http://www.camara.gov.br/cota-parlamentar/documentos/publ/3211/2019/6757475.pdf'}",,0.0,60.2,0.0,6757475,2019-08-11T23:51:51.852063-03:00,2019,3211,204387,SARGENTO FAHUR,464,PSD,PR,56,2019,13,Congressperson meal,0,,SILOE COMERCIO DE PRODUTOS ALIMENTICIOS,30492339000113,4,74851,2019-02-03,2,0,1566442,,,,,
[],109.78,,"{'fetched': True, 'url': 'http://www.camara.gov.br/cota-parlamentar/documentos/publ/3330/2019/6781974.pdf'}",,0.0,109.78,0.0,6781974,2019-08-11T23:52:08.131277-03:00,2019,3330,204396,VERMELHO,455,PSD,PR,56,2019,13,Congressperson meal,0,,CHURRASCARIA POTENCIA GRILL LTDA,08466219000192,0,058869,2019-02-03,2,0,1576064,,,,,
[],62.59,,"{'fetched': True, 'url': 'http://www.camara.gov.br/cota-parlamentar/documentos/publ/3211/2019/6757477.pdf'}",,0.0,62.59,0.0,6757477,2019-08-11T23:51:51.852287-03:00,2019,3211,204387,SARGENTO FAHUR,464,PSD,PR,56,2019,13,Congressperson meal,0,,TORRE PASTELARIA E LANCHONETE EIRELI - EPP,26882229000190,4,33335,2019-02-03,2,0,1566442,,,,,
[],43.0,,"{'fetched': True, 'url': 'http://www.camara.gov.br/cota-parlamentar/documentos/publ/3211/2019/6757481.pdf'}",,0.0,43.0,0.0,6757481,2019-08-11T23:51:51.852932-03:00,2019,3211,204387,SARGENTO FAHUR,464,PSD,PR,56,2019,13,Congressperson meal,0,,HADCO COMERCIO DE ALIMENTOS LTDA.,37505757000309,4,236336,2019-02-02,2,0,1566442,,,,,
[],69.95,,"{'fetched': True, 'url': 'http://www.camara.gov.br/cota-parlamentar/documentos/publ/2983/2019/6757403.pdf'}",,0.0,69.95,0.0,6757403,2019-08-11T23:51:51.847920-03:00,2019,2983,178928,CHRISTIANE DE SOUZA YARED,442,PL,PR,56,2019,13,Congressperson meal,0,,CHURRASCARIA RECANTO GAUCHO EIRELI - ME,20749080000190,4,49029,2019-02-02,2,0,1565641,,,,,
[],15.9,,"{'fetched': True, 'url': 'http://www.camara.gov.br/cota-parlamentar/documentos/publ/3211/2019/6757484.pdf'}",,0.0,15.9,0.0,6757484,2019-08-11T23:51:51.853268-03:00,2019,3211,204387,SARGENTO FAHUR,464,PSD,PR,56,2019,13,Congressperson meal,0,,HADCO COMERCIO DE ALIMENTOS LTDA.,37505757000309,4,26147,2019-02-02,2,0,1566442,,,,,
[],129.8,,"{'fetched': True, 'url': 'http://www.camara.gov.br/cota-parlamentar/documentos/publ/831/2019/6757925.pdf'}",,0.0,129.8,0.0,6757925,2019-08-11T23:51:51.881793-03:00,2019,831,73466,RUBENS BUENO,460,CIDADANIA,PR,56,2019,13,Congressperson meal,0,,RESTAURANTE E BAR XIQUE XIQUE LTDA,00604538000105,4,26398,2019-02-01,2,0,1565844,,,,,
[],52.88,,"{'fetched': True, 'url': 'http://www.camara.gov.br/cota-parlamentar/documentos/publ/2983/2019/6748699.pdf'}",,0.0,52.88,0.0,6748699,2019-08-11T23:51:51.802061-03:00,2019,2983,178928,CHRISTIANE DE SOUZA YARED,442,PL,PR,56,2019,13,Congressperson meal,0,,BRACE COMERCIO DE ALIMENTOS EIRELI,26133945000175,4,20067,2019-02-01,2,0,1559379,,,,,
[],50.8,,"{'fetched': True, 'url': 'http://www.camara.gov.br/cota-parlamentar/documentos/publ/3425/2019/6758992.pdf'}",,0.0,50.8,0.0,6758992,2019-08-11T23:51:51.943699-03:00,2019,3425,204418,LUIZÃO GOULART,463,PRB,PR,56,2019,13,Congressperson meal,0,,CHAO DE ESTRELAS RESTAURANTE E PIZZARIA EIRELI,26512539000113,4,82226,2019-02-01,2,0,1566934,,,,,
